generation, valid_rate, hypervolume
0, 0.25, 0.285775
1, 0.33, 0.292082
2, 0.4, 0.299936
3, 0.33, 0.304447
4, 0.34, 0.31083
5, 0.32, 0.31219
6, 0.35, 0.313801
7, 0.37, 0.313853
8, 0.37, 0.314301
9, 0.39, 0.329419
10, 0.43, 0.332079
