generation, valid_rate, hypervolume
0, 0.24, 0.264992
1, 0.29, 0.269246
2, 0.34, 0.3121
3, 0.35, 0.319812
4, 0.32, 0.332446
5, 0.35, 0.33491
6, 0.35, 0.337131
7, 0.34, 0.336792
8, 0.35, 0.344383
9, 0.38, 0.347887
10, 0.39, 0.348265
